geo,election_year,election_date,vs_AGR,vs_CHR,vs_CON,vs_DIV,vs_ECO,vs_ETH,vs_LEF,vs_LIB,vs_NAT,vs_SIP,vs_SOC,fragmentation_enp,polarization_dalton
AT,1995,1995-12-17,0.0,28.291,0.0,0.0,4.815,0.0,0.0,5.513,21.885,0.0,38.059,3.595313289238118,3.07112211147367
AT,1999,1999-10-03,0.0,26.91,0.0,0.0,7.4,0.0,0.0,0.0,26.91,0.0,33.2,3.8383351574381446,3.1170039687653137
AT,2002,2002-11-24,0.0,42.3,0.0,0.0,9.47,0.0,0.562,0.0,10.01,0.0,36.51,3.018898050624592,0.5239016321760585
AT,2006,2006-10-01,0.0,34.33,0.0,0.0,11.05,0.0,0.0,0.0,15.149999999999999,0.0,35.34,3.719766620354332,1.304706165956562
AT,2008,2008-09-28,0.0,25.98,0.0,0.0,10.43,0.0,0.76,0.0,28.24,0.0,29.26,4.8482213403092125,1.4068703531552897
AT,2013,2013-09-29,0.0,23.991,0.0,0.0,12.416,0.0,0.0,4.964,20.506,5.725,26.819,5.189691380756341,3.623625553873205
AT,2017,2017-10-15,0.0,31.47,0.0,0.0,8.209,0.0,0.0,5.296,25.966,0.0,26.859,4.085089415707594,2.847278282946048
AT,2019,2019-09-29,0.0,37.457,0.0,0.0,13.9,0.0,0.0,8.103,16.174,0.0,21.181,4.215623235030529,3.3550414029308384
BE,1995,1995-05-21,0.0,24.901999999999997,0.0,0.0,8.439,4.669,0.0,23.412,7.834,0.0,24.428,9.520241844912281,1.4889688684983033
BE,1999,1999-06-13,0.0,19.967,0.0,0.0,14.35,5.561,0.0,24.444000000000003,9.87,0.0,19.714,10.348328782672999,1.4753032968818909
BE,2003,2003-05-18,0.0,18.721,0.0,0.0,5.53,3.064,0.0,26.752000000000002,11.68,0.0,27.932,8.894404423711022,2.1980711467393386
BE,2007,2007-06-10,0.0,20.865000000000002,0.0,0.0,9.087,3.702,0.0,28.374,11.99,0.0,21.123,10.086195202043138,4.101410909401812
BE,2010,2010-06-13,0.0,16.368000000000002,0.0,0.0,9.177,17.398,0.0,20.224,7.763,0.0,22.94,10.076412296142744,3.9822747772704252
BE,2014,2014-05-25,0.0,16.595,0.0,0.0,5.322,22.059,1.971,19.272,5.194,0.0,20.499000000000002,9.79271290624056,2.7815245477640422
BE,2019,2019-05-26,0.0,12.58572117256772,0.0,0.0,12.24487251808042,18.24602458742949,8.622,16.10719041350406,11.949,0.0,16.17371520047524,10.972921466014245,3.385040585211927
BG,1994,1994-12-18,0.0,0.0,4.726,0.0,0.0,5.442,0.0,24.228,6.507,0.0,43.501,3.8855707586809345,2.1728486414548316
BG,1997,1997-04-19,0.0,0.0,4.928,7.566,0.0,0.0,0.0,52.238,0.0,0.0,27.563000000000002,3.005322052996454,0.8378673714287633
BG,2001,2001-06-18,0.0,0.0,0.0,0.0,0.0,7.451,0.0,60.921,0.0,0.0,17.148,3.9890273250948676,1.8721588929798207
BG,2005,2005-06-25,5.191,0.0,0.0,0.0,0.0,12.812,0.0,34.002,8.137,0.0,30.952,5.844225304671066,2.5418432358105587
BG,2009,2009-07-05,0.0,46.479,4.131,0.0,0.0,14.446,0.0,0.0,9.364,0.0,17.7,4.4442685422707715,2.249601877408722
BG,2013,2013-05-12,0.0,30.539,0.0,0.0,0.0,11.307,0.0,0.0,7.298,0.0,26.612,5.488660619811459,2.884381404775141
BG,2014,2014-10-05,0.0,32.666,21.865000000000002,0.0,0.0,14.837,0.0,0.0,4.516,0.0,19.546,5.7926001456282865,2.1584314386654078
BG,2017,2017-03-26,0.0,32.655,4.145,0.0,0.0,8.993,0.0,0.0,9.066,0.0,27.195,5.034829743808528,1.0793164717103865
CY,1996,1996-05-26,0.0,0.0,0.0,0.0,0.0,0.0,0.0,20.12,34.47,0.0,41.13,3.806857124236173,0.6836881690219857
CY,2001,2001-05-27,0.0,0.0,0.0,0.0,0.0,0.0,0.0,15.05,34.48,0.0,41.81,3.706304980717948,0.7820600447067494
CY,2006,2006-05-21,0.0,0.0,0.0,0.0,1.946,0.0,0.0,23.666000000000004,30.344,0.0,40.039,4.29745687851513,3.8464409707883807
CY,2011,2011-05-22,0.0,0.0,0.0,0.0,2.215,0.0,0.0,19.643,34.278,0.0,41.595,3.8605867462192553,3.3619558154001297
CY,2016,2016-05-22,0.0,0.0,5.243,0.0,4.812,0.0,0.0,14.492,34.396,0.0,37.865,5.129873652494408,3.625347892258139
DE,1994,1994-10-16,0.0,41.44,0.0,0.0,7.27,0.0,4.386,6.917,0.0,0.0,36.387,3.163333518761618,4.375696620521998
DE,1998,1998-09-27,0.0,35.145,0.0,0.0,6.696,0.0,5.101,6.248,0.0,0.0,40.929,3.310986177574021,3.103225656040749
DE,2002,2002-09-22,0.0,38.5,0.0,0.0,8.564,0.0,3.993,7.373,0.0,0.0,38.521,3.2156773635525675,2.3922122555895013
DE,2005,2005-09-18,0.0,35.17,0.0,0.0,8.117,0.0,8.709,9.829,0.0,0.0,34.247,3.776253191915773,3.533188577179827
DE,2009,2009-09-27,0.0,33.8,0.0,0.0,10.706,0.0,11.888,14.563,0.0,0.0,23.035,4.670550628690817,2.607399136049838
DE,2013,2013-09-22,0.0,41.5,0.0,0.0,8.444,0.0,8.6,4.8,4.7,2.2,25.7,3.8790193809214166,2.847568997700344
DE,2017,2017-09-24,0.0,32.925,0.0,0.0,8.94,0.0,9.238,10.748,12.637,0.0,20.508,5.141094231092513,3.381941092968873
DE,2021,2021-09-26,0.0,24.1,0.0,0.0,14.8,0.12,4.9,11.5,10.3,0.0,25.7,5.80482641131003,3.4332071753068587
DK,1994,1994-09-21,0.0,1.848,17.861,0.0,0.0,0.0,10.43,27.884,6.433,0.0,34.561,4.762750097883682,5.620845867514708
DK,1998,1998-03-11,0.0,2.51,13.23,0.0,0.0,0.0,10.26,27.860000000000003,9.83,0.0,35.93,4.73503187765511,4.140682094252849
DK,2001,2001-11-20,0.0,2.28,9.07,0.0,0.0,0.0,8.77,36.44,12.0,0.0,29.08,4.7015785832187875,4.915291182533131
DK,2005,2005-02-08,0.0,1.7,11.273,0.0,0.0,0.0,9.388,38.211999999999996,13.253,0.0,25.835,5.189346791839198,5.058379398933466
DK,2007,2007-11-13,0.0,0.0,10.39,0.0,0.0,0.0,15.209999999999999,34.19,13.86,0.0,25.47,5.413536830348201,2.843442288771245
DK,2011,2011-09-15,0.0,0.0,4.922,0.0,0.0,0.0,15.878,41.194,12.303,0.0,24.857,5.70690906146559,5.358579483105615
DK,2015,2015-06-18,0.0,0.0,3.353,0.0,0.0,0.0,16.789,31.58,21.078,0.0,26.284,5.8664767918095055,5.261851662729655
DK,2019,2019-06-05,0.0,0.0,6.622,0.0,0.0,0.0,17.603,34.35,11.091,0.0,25.905,6.4926723411034395,3.4897433410426557
EE,1995,1995-03-05,32.23,0.0,12.862,0.0,0.0,5.874,0.0,30.360999999999997,0.0,0.0,5.989,6.0282215047808085,1.8591401701467005
EE,1999,1999-03-07,14.902999999999999,0.0,16.09,0.0,0.0,6.13,0.0,39.333,0.0,0.0,15.205,6.942503575967306,2.7522073055787213
EE,2003,2003-03-02,13.027,0.0,31.915,0.0,0.0,0.0,0.0,43.114,0.0,0.0,7.036,5.442508071429959,1.3056837504706833
EE,2007,2007-03-04,7.13,0.0,17.87,0.0,7.14,0.0,0.0,53.9,0.0,0.0,10.06,5.059510468076563,2.95099490796971
EE,2011,2011-03-06,2.118,0.0,20.521,0.0,3.795,0.0,0.0,51.88,0.0,0.0,17.093,4.780901878136712,1.3686845517548123
EE,2015,2015-03-01,0.0,0.0,22.387999999999998,0.0,0.0,0.0,0.0,52.5,8.146,0.0,15.186,5.148259727792233,2.358340471495249
EE,2019,2019-03-03,0.0,0.0,11.444,0.0,0.0,0.0,0.0,52.033,17.762,0.0,9.833,5.224982997461202,3.0754428361832415
ES,1993,1993-06-06,0.0,1.772,35.04,0.0,0.0,9.5,9.63,0.0,0.0,0.0,39.1,3.470850491491415,1.796483697917693
ES,1996,1996-03-03,0.0,0.0,38.792,0.0,0.0,8.763,10.54,0.0,0.0,0.0,37.633,3.2710456288831455,2.207324795245875
ES,2000,2000-03-12,0.0,0.0,44.524,0.0,0.0,10.6,5.449,0.0,0.0,0.0,34.16,3.121560421830807,2.285250585807857
ES,2004,2004-03-14,0.0,0.0,37.708,0.0,0.0,11.032,4.96,0.0,0.0,0.0,42.586,3.0469375866212753,2.0927262739415298
ES,2008,2008-03-09,0.0,0.0,40.571,0.0,0.0,7.885,3.842,0.0,0.0,0.0,44.139,2.7601940863262913,1.8050125273518407
ES,2011,2011-11-20,0.0,0.0,45.24,0.0,0.0,8.618,7.021,4.76,0.0,1.9129999999999998,29.13,3.342839486322811,2.3995762370849905
ES,2015,2015-12-20,0.0,0.0,28.705,0.0,0.0,15.019,16.276,13.94,0.0,0.0,21.995,5.8451952037454165,2.5600759415301515
ES,2016,2016-06-26,0.0,0.0,33.015,0.0,0.0,28.075,0.0,13.061,0.0,0.0,22.632,5.030092804342033,2.6269601530683335
ES,2019,2019-04-28,0.0,0.0,16.828,0.0,0.0,9.767,10.794,15.98,10.342,0.0,28.899,6.270204511347938,4.333244860168114
ES,2023,2023-07-23,0.0,0.0,33.326659156414,0.0,0.0,9.731766601397753,10.03924,0.0,12.4839642111658,0.0,31.9417885449235,4.22172277383869,2.3465045517354612
FI,1995,1995-03-19,19.85,2.96,17.894,0.0,6.516,5.494,11.16,2.807,1.301,0.0,28.251,5.78751236663344,3.394840643982784
FI,1999,1999-03-21,22.399,4.127,21.03,0.0,7.27,5.51,10.878,0.0,0.99,0.0,22.86,5.930804776390707,3.8213849743626227
FI,2003,2003-03-16,24.694,5.337,18.551,0.0,8.008,4.614,9.928,0.0,1.569,0.0,24.473,5.656785171828301,3.479579911887276
FI,2007,2007-03-18,23.11,4.97,22.26,0.0,8.46,4.97,8.82,0.0,4.05,0.0,21.44,5.8670929774652,1.9979803583020226
FI,2011,2011-04-17,15.76,4.03,20.382,0.0,7.252,4.279,8.132,0.0,19.053,0.0,19.103,6.472422321419301,3.3036132189896414
FI,2015,2015-04-19,21.096,3.542,18.198,0.0,8.526,4.878,7.132,0.0,17.654,0.0,16.51,6.5774285709279345,2.6692991227358664
FI,2019,2019-04-14,13.755,3.898,17.001,0.0,11.493,4.909,8.171,2.253,17.483,0.0,17.732,7.454141434251933,2.612223325359534
FR,1993,1993-03-21,0.0,0.0,39.86,0.0,7.84,0.0,9.14,0.0,12.68,0.0,19.04,6.835684900081427,4.488410259308065
FR,1997,1997-05-25,0.0,0.0,31.49,0.0,6.266,0.0,9.901,0.0,14.932,0.0,25.484,6.718074523954065,4.749040727945302
FR,2002,2002-06-09,0.0,0.0,38.16,0.0,4.44,0.0,4.91,0.0,11.12,0.0,25.29,5.145194295914118,2.6135141514337294
FR,2007,2007-06-10,0.0,0.0,47.153,0.0,3.251,0.0,4.287,0.0,4.289,0.0,24.733,4.3851310661453535,2.51342638311278
FR,2012,2012-06-10,0.0,0.0,31.678,0.0,5.465,0.0,8.562,1.237,13.596,0.0,29.354,5.342028976987872,3.513898191260684
FR,2017,2017-06-11,0.0,0.0,19.889,0.0,4.297,0.0,14.211,31.246,13.2,0.0,7.441,6.9056015578418375,2.8355974155224763
FR,2022,2022-06-12,0.0,0.0,15.01,0.0,0.0,0.0,21.88,22.029999999999998,18.679232989054,0.0,3.78,8.093516077900839,3.907611558257549
GR,1993,1993-10-10,0.0,44.169000000000004,0.0,0.0,0.0,0.0,4.54,0.0,0.0,0.0,46.883,2.6409751268235206,5.019433450227839
GR,1996,1996-09-22,0.0,41.068000000000005,0.0,0.0,0.0,0.0,10.729,0.0,0.0,0.0,45.931999999999995,3.066257438184402,1.7146391887190937
GR,2000,2000-04-09,0.0,42.73,0.0,0.0,0.0,0.0,8.73,0.0,0.0,0.0,43.79,2.6425399946446286,1.6096230750289406
GR,2004,2004-03-07,0.0,45.362,0.0,0.0,0.0,0.0,9.158,0.0,0.0,0.0,40.548,2.668620233310806,1.3264438853017506
GR,2007,2007-09-16,0.0,41.835,0.0,0.0,0.0,0.0,13.199,0.0,3.795,0.0,38.097,3.0230747669269817,2.51738590315962
GR,2009,2009-10-04,0.0,33.477,0.0,0.0,0.0,0.0,12.143,0.0,5.63,0.0,43.923,3.1648760105719305,4.891954304056686
GR,2012,2012-05-06,0.0,18.849,0.0,0.0,0.0,0.0,14.583,0.0,20.478,0.0,13.18,12.38189872593432,3.1119150321152755
GR,2015,2015-01-25,0.0,27.15,0.0,0.0,0.0,0.0,41.681000000000004,0.0,10.771,0.0,10.479,4.5430358600078895,4.838389309606341
GR,2019,2019-07-07,0.0,39.8549825498666,0.0,0.0,0.0,0.0,40.27335385776548,0.0,6.6361307769659295,0.0,8.10020024685252,3.689745875372743,4.318560054334455
GR,2023,2023-05-21,0.0,40.7902197665737,0.0,0.0,0.0,0.0,29.92430832815069,0.0,4.44703607446208,0.0,11.4550592663131,4.39224031430936,3.119093991100037
HR,1995,1995-10-29,0.0,0.0,0.0,0.0,0.0,18.259,8.93,14.556,50.24,0.0,0.0,3.8072870928993128,3.9156328049613327
HR,2000,2000-01-03,9.996,0.0,0.0,40.991,0.0,2.352,0.0,2.352,29.650000000000002,0.0,0.0,4.143003808920682,2.100437640844439
HR,2003,2003-11-23,7.155,0.0,0.0,4.047,0.0,0.0,22.6,10.712,40.312999999999995,3.975,0.0,5.386365703210092,3.5529403980310494
HR,2007,2007-11-25,0.0,0.0,0.0,6.516,0.0,1.541,31.234,6.8,36.552,1.794,0.0,4.156443835901165,1.7158977211971034
HR,2011,2011-12-04,2.993,0.0,0.0,0.0,0.0,0.0,5.175,2.816,23.919,2.932,40.719,4.381313271979841,1.7707035265711049
HR,2015,2015-11-08,0.0,0.0,32.592,0.0,0.0,1.783,0.0,14.292,0.0,8.489,31.402,4.451968128117984,2.8356756215265158
HR,2016,2016-09-11,0.0,0.0,0.0,0.0,0.0,2.224,6.038,13.614,32.911,0.0,32.795,4.331136849542473,1.3466851198463123
HR,2020,2020-07-05,0.0,0.0,0.0,0.0,0.0,0.0,5.989,13.69,48.143,0.0,25.872,4.493768187875144,2.456224465229934
HU,1994,1994-05-08,8.82,18.764,0.0,0.0,0.0,0.0,0.0,19.738,7.025,0.0,33.59,5.578619275317061,2.114984532681096
HU,1998,1998-05-10,13.38,5.189,0.0,0.0,0.0,0.0,0.0,7.71,33.74,0.0,33.51,4.5463724559868774,1.088549392202446
HU,2002,2002-04-07,1.2,0.0,0.0,0.0,0.0,0.0,0.0,5.574,41.07,0.0,42.053,2.8672115332918735,2.1192836026478052
HU,2006,2006-04-09,0.0,2.85,0.0,0.0,0.0,0.0,0.0,4.66,42.49,0.0,48.19,2.405283368478131,1.5126949885109433
HU,2010,2010-04-11,0.0,0.0,0.0,0.0,4.15,0.0,0.0,0.0,80.06,0.0,15.36,1.997302004506273,1.682321287493979
HU,2014,2014-04-06,0.0,0.0,0.0,0.0,5.273,0.0,4.7989999999999995,0.0,65.213,0.0,19.88,3.5084450523076542,4.398409844636717
HU,2018,2018-04-08,0.0,0.0,0.0,0.0,7.055,0.0,7.8180000000000005,0.0,68.338,0.0,10.124,3.3600396644349484,6.415970674990366
HU,2022,2022-04-03,0.0,0.0,0.0,34.44,0.0,0.0,0.0,0.0,60.009668108494296,0.0,0.0,2.409208381604275,5.08820394442885
IE,1992,1992-11-25,0.0,24.472,39.113,0.0,1.398,0.0,2.78,4.684,0.0,0.0,19.307,3.9477500095296714,2.0424410642035675
IE,1997,1997-06-06,0.0,27.945,39.334,0.0,2.757,0.0,2.51,4.682,0.0,2.55,10.399,4.034616110543689,1.645106964431414
IE,2002,2002-05-17,0.0,22.478,41.485,0.0,3.847,0.0,0.0,3.963,0.0,6.514,10.772,4.1403775687398765,1.4554984160856679
IE,2007,2007-05-24,0.0,27.322,41.561,0.0,4.692,0.0,0.0,2.73,0.0,6.942,10.126,3.767892673418944,0.6571635862295062
IE,2011,2011-02-25,0.0,36.104,17.446,0.0,1.8,0.0,2.7,0.0,0.0,9.94,19.447,4.772401452094582,1.4925595672090646
IE,2016,2016-02-26,0.0,25.516,24.35,0.0,2.719,0.0,4.295,0.0,0.0,18.058,9.611,6.57284617152898,2.023075282232397
IE,2020,2020-02-08,0.0,20.8642223523911,22.1807849730409,0.0,7.13056030966952,1.9040627179711,3.015403329258817,0.0,0.0,24.5283122562101,7.280961800128139,6.192229192317317,2.1375109104597723
IT,1994,1994-03-28,0.0,16.884999999999998,21.037,0.0,2.701,0.0,26.402,0.0,22.1,1.861,5.694,7.014775391163972,3.2526038324020434
IT,1996,1996-04-21,0.0,12.649999999999999,20.574,0.0,2.5,0.0,29.634,0.0,25.741,0.0,6.208,7.161944938533298,4.830634210435535
IT,2001,2001-05-13,0.0,3.22,30.37,0.0,2.17,0.0,23.259999999999998,14.51,15.95,6.3,0.0,6.348749239261123,3.12554334017544
IT,2006,2006-04-10,0.0,6.762,24.457,0.0,2.054,0.478,10.76,0.0,16.917,3.7,31.265,5.503475497334758,6.4700527409486455
IT,2008,2008-04-13,0.0,5.69,37.217,0.0,0.0,0.0,0.0,0.0,8.073,4.364,33.163,3.8439604483177705,1.9822974585843847
IT,2013,2013-02-24,0.0,1.789,21.793,0.0,0.0,0.482,5.454000000000001,8.796,5.819,25.555,25.423,5.344153345614936,4.452042961779592
IT,2018,2018-03-04,0.0,1.9100000000000001,13.525,0.0,0.0,0.396,0.56,2.662,21.689,32.165,22.447000000000003,5.200503433694798,1.8262161802599899
LT,1992,1992-10-25,0.0,12.61,0.0,0.0,0.0,2.14,43.976,23.696,1.986,0.0,6.048,3.8570917632400934,2.012821486331875
LT,1996,1996-10-20,0.0,10.426,31.34,0.0,0.0,0.0,10.011,8.672,0.0,0.0,6.944,7.607224300059046,1.5010231561898242
LT,2000,2000-10-08,4.081,3.074,8.622,0.0,0.0,1.947,0.0,39.745,0.0,0.0,31.082,5.676364669290683,1.2623949985425724
LT,2004,2004-10-10,6.6,0.0,14.754,0.0,0.0,0.0,0.0,48.986000000000004,0.0,0.0,20.646,5.848923118325894,2.7763823468133837
LT,2008,2008-10-12,0.0,0.0,34.806,0.0,0.0,0.0,0.0,20.060000000000002,12.677,0.0,11.716,9.4648819888368,1.713986505360306
LT,2012,2012-10-14,4.05,0.0,15.745,0.0,0.0,6.085,0.0,29.647,7.631,8.342,19.176,7.661234338728558,2.5699603932924977
LT,2016,2016-10-09,22.452,0.0,22.629,0.0,0.0,5.718,0.0,14.332,5.555,0.0,15.038,7.047284746445049,1.9384653666917255
LT,2020,2020-10-11,18.0661649439245,0.0,25.7704702261281,0.0,0.0,4.97423605787426,0.0,26.25540222361214,0.0,0.0,12.86618011734702,7.395719561919479,1.369994476053977
LU,1994,1994-06-12,0.0,30.3,0.0,0.0,9.9,0.0,0.0,19.3,0.0,9.0,25.4,4.728691334673129,2.6799348544756376
LU,1999,1999-06-13,0.0,30.1,0.0,0.0,9.6,0.0,0.0,22.4,0.0,10.4,22.2,4.759796851870362,1.666878403998548
LU,2004,2004-06-13,0.0,36.112,0.0,0.0,11.58,0.0,0.0,16.048,0.0,9.947,23.373,4.271767843688818,1.547453174304169
LU,2009,2009-06-07,0.0,38.006,0.0,0.0,11.704,0.0,3.286,14.973,0.0,8.127,21.548,4.261134945366988,2.3564639127174085
LU,2013,2013-10-20,0.0,33.681,0.0,0.0,10.13,0.0,4.937,18.246,0.0,6.643,20.282,4.878510170941684,2.073195137664921
LV,1995,1995-09-30,6.361,0.0,6.346,0.0,0.0,0.0,12.759,29.936,26.959,0.0,5.607,9.89236293990675,4.172860270965705
LV,1998,1998-10-03,0.0,0.0,21.305,0.0,0.0,0.0,14.201,25.496,14.732,0.0,12.878,7.033391734820268,1.8082374010568476
LV,2002,2002-10-05,9.468,9.569,40.666,0.0,0.0,0.0,0.0,4.89,5.392,0.0,19.095,6.885809936618157,1.1563107696810353
LV,2006,2006-10-07,16.705,0.0,35.934,0.0,0.0,0.0,14.423,8.581,6.941,0.0,6.026,7.716689987069699,2.9972089776567117
LV,2010,2010-10-02,20.112,0.0,31.903,0.0,0.0,0.0,26.608,7.819,7.835,0.0,0.0,4.438913355200277,2.122078534145506
LV,2011,2011-09-17,12.327,0.0,40.013999999999996,0.0,0.0,0.0,28.62,0.0,14.006,0.0,0.0,5.076617424487896,3.113230052154324
LV,2014,2014-10-04,19.658,0.0,28.908,0.0,0.0,6.708,0.0,0.0,16.719,0.0,23.153,5.620903783230682,1.402379907203547
LV,2018,2018-10-06,9.973,0.0,20.409,0.0,0.0,0.0,0.0,12.12,25.414,0.0,19.919,8.30816881082738,3.8480236789851583
LV,2022,2022-10-01,12.5798023325686,0.0,19.1918454161452,0.0,11.1361948742805,0.0,0.0,0.0,22.59087976503892,0.0,11.09624529264452,11.253469856192808,3.5119217459067054
MT,1996,1996-10-26,0.0,0.0,47.807,0.0,0.0,0.0,0.0,0.0,0.0,0.0,50.73,2.0580187809356665,1.301595778102878
MT,1998,1998-09-05,0.0,0.0,51.811,0.0,0.0,0.0,0.0,0.0,0.0,0.0,46.966,2.044912462723646,0.04109653392144066
MT,2003,2003-04-12,0.0,0.0,51.7949208576501,0.0,0.0,0.0,0.0,0.0,0.0,0.0,47.5144660238898,2.0241528770268755,0.8829112348645117
MT,2008,2008-03-08,0.0,0.0,49.3357955151153,0.0,0.0,0.0,0.0,0.0,0.0,0.0,48.792464898435,2.07696166927848,1.1501646555884342
MT,2013,2013-03-09,0.0,0.0,43.3393551427562,0.0,0.0,0.0,0.0,0.0,0.0,0.0,54.8289020670515,2.0472890162363724,1.1430021721504848
MT,2017,2017-06-03,0.0,0.0,42.12,0.0,0.0,0.0,0.0,1.55987961308805,0.0,0.0,55.0354883878132,2.080978096850085,0.8722000380357543
MT,2022,2022-03-26,0.0,0.0,41.7388094076844,0.0,0.0,0.0,0.0,0.0,0.0,0.0,55.1085866796727,2.092450954447887,1.424214325940269
NL,1994,1994-05-03,0.0,25.317,0.0,0.0,3.467,0.0,1.322,35.446,2.5,6.229,23.973,5.720205087107891,2.0347804077653535
NL,1998,1998-05-06,0.0,21.598,0.0,0.0,7.27,0.0,3.528,33.68,0.0,1.781,28.98,5.150025577936784,2.820047500924473
NL,2002,2002-05-15,0.0,30.47,0.0,0.0,6.95,0.0,5.9,22.15,17.0,1.718,15.11,6.035336931532006,2.2819499394799942
NL,2003,2003-01-22,0.0,30.779999999999998,0.0,0.0,5.13,0.0,6.33,22.432999999999996,5.71,0.0,27.28,4.981173631843169,2.625753999727134
NL,2006,2006-11-22,0.0,30.487000000000002,0.0,0.0,4.605,0.0,16.575,16.634,5.89,3.387,21.193,5.802676576833621,2.560323557571756
NL,2010,2010-06-09,0.0,16.868,0.0,0.0,6.67,0.0,9.83,27.412999999999997,15.45,3.04,19.63,6.977613046536569,1.9810809173824113
NL,2012,2012-09-12,0.0,11.632,0.0,0.0,2.333,0.0,9.654,34.613,10.083,5.906,24.838,5.945180924242309,3.0218489984835037
NL,2017,2017-03-15,0.0,15.767,0.0,0.0,9.125,0.0,9.087,33.512,14.835999999999999,8.381,7.758000000000001,8.56414201343931,2.99799637509685
NL,2021,2021-03-17,1.0008680925336,12.87436490511427,0.0,0.0,5.15509574538715,0.0,9.24016766236343,36.8900086080087,18.173384789499078,6.92421805471285,7.7563127635315094,9.262755243755658,3.2253807807015646
PL,1993,1993-09-19,15.398,0.0,0.0,0.0,0.0,0.44,0.0,0.0,5.766,5.412,38.28,11.345433981422264,1.342911526656503
PL,1997,1997-09-21,7.306,33.827,0.0,0.0,0.0,0.39,0.0,18.922,0.0,0.0,31.875,4.616769720168983,1.9192238671903845
PL,2001,2001-09-23,19.175,7.875,0.0,0.0,0.0,0.363,0.0,12.683,9.501,0.0,41.04,4.582652735506835,2.8617471520629016
PL,2005,2005-09-25,18.374,7.969,0.0,0.0,0.0,0.292,0.0,24.137,26.987,0.0,11.311,5.948334385474721,0.6374770452763233
PL,2007,2007-10-21,8.906,0.0,0.0,0.0,0.0,0.201,0.0,41.512,32.111,0.0,13.152,3.325911223195827,0.6672758757594633
PL,2011,2011-10-09,8.362,0.0,0.0,0.0,0.0,0.195,0.0,49.197,29.89,0.0,8.242,3.750012049726219,1.9965710830356664
PL,2015,2015-10-25,5.131,0.0,0.0,0.0,0.0,0.181,0.0,31.689,46.384,0.0,7.546,4.523273872225028,2.5930887845807757
PL,2019,2019-10-13,0.0,8.546,0.0,0.0,0.0,0.174,0.0,27.3966458246597,50.398,0.0,12.5601343965662,3.4152361089423313,3.6990560411588023
PT,1995,1995-10-01,0.0,9.228,34.784,0.0,0.0,0.0,8.739,0.0,0.0,0.0,44.611,2.974779154195334,1.4913707173610342
PT,1999,1999-10-10,0.0,8.455,32.627,0.0,0.0,0.0,11.584,0.0,0.0,0.0,44.41,3.1276622035143875,1.8547334863625577
PT,2002,2002-03-17,0.0,8.896,41.014,0.0,1.167,0.0,8.628,0.0,0.0,0.0,38.551,3.0388999715004665,1.8690194612263087
PT,2005,2005-02-20,0.0,7.464,29.638,0.0,1.086,0.0,13.056000000000001,0.0,0.0,0.0,46.396,3.151471859383322,2.0325036324023653
PT,2009,2009-09-27,0.0,10.4,30.05,0.0,1.089,0.0,17.215,0.0,0.0,0.0,37.73,3.8628833431658265,2.3640222971056675
PT,2011,2011-06-05,0.0,12.21,40.306,0.0,1.029,0.0,12.594,0.0,0.0,0.0,29.239,3.6892547402463105,2.7742611791606495
PT,2015,2015-10-04,0.0,0.0,40.034,0.0,2.451,0.0,18.139,0.0,0.0,0.0,33.568,3.4462425575695286,1.820751546704589
PT,2019,2019-10-06,0.0,4.439,29.18,0.0,5.694,0.0,15.292000000000002,1.355,1.358,0.0,38.195,4.038066792660569,2.6841725887034156
PT,2022,2022-01-30,0.0,1.64609987790055,29.87202,0.0,2.9419044744878597,0.0,8.92485115957557,5.05170537763614,7.37689228761572,0.0,42.5013312808075,3.5391254484845747,3.557863606575114
RO,1992,1992-09-27,2.999,20.01,0.0,0.0,0.0,7.457,30.753,0.0,11.615,0.0,10.188,7.0373364449470035,2.2005151143047974
RO,1996,1996-11-03,0.0,30.169,0.0,0.0,0.0,6.64,21.766,0.0,8.823,0.0,12.928,6.119657079630246,1.5846557452603578
RO,2000,2000-11-26,0.0,0.0,0.0,0.0,0.0,6.798,36.611,6.894,19.485,0.0,7.033,5.367013345762978,2.00460958600977
RO,2004,2004-11-28,0.0,0.0,0.0,36.8,0.0,6.165,0.0,31.5,12.924,0.0,0.0,3.919221703740849,3.0660782458269598
RO,2008,2008-11-30,0.0,32.364,0.0,33.099,0.0,6.2,0.0,18.6,0.0,0.0,0.0,3.9566786467787267,1.9689020374337483
RO,2012,2012-12-09,0.0,0.0,16.508,0.0,0.0,5.137,0.0,0.0,13.992,0.0,58.63,2.5431342287173364,3.5493892769659885
RO,2016,2016-12-11,0.0,5.348,0.0,0.0,0.0,6.186,45.476,34.537,0.0,0.0,0.0,3.7779884391687433,2.4954951089287616
SE,1994,1994-09-18,7.653,4.068,22.38,0.0,5.023,0.0,6.174,7.192,0.0,0.0,45.25,3.6514772974134995,3.2785495412452126
SE,1998,1998-09-21,5.13,11.77,22.9,0.0,4.5,0.0,11.99,4.72,0.0,0.0,36.39,4.545908309756737,4.68048431815559
SE,2002,2002-09-15,6.193,9.15,15.256,0.0,4.646,0.0,8.388,13.394,0.0,0.0,39.854,4.515680412810426,4.355396326234452
SE,2006,2006-09-17,7.879,6.593,26.23,0.0,5.244,0.0,5.85,7.537,0.0,0.0,34.994,4.6801850951988335,2.9434724209700573
SE,2010,2010-09-19,6.56,5.6,30.06,0.0,7.34,0.0,5.6,7.06,5.7,0.0,30.66,4.794778677811012,3.231357419994848
SE,2014,2014-09-14,6.113,4.57,23.325,0.0,6.889,0.0,5.718,5.42,12.857,0.0,31.015,5.4375243828448845,4.151470315490814
SE,2018,2018-09-09,8.608,6.322,19.836,0.0,4.414,0.0,8.005,5.49,17.534,0.0,28.261,5.789177685992991,2.8639388839140665
SE,2022,2022-09-11,6.71439999481305,5.33687857316858,19.1026142541736,0.0,5.08262535054372,0.0,6.74689562526996,4.60869857855931,20.5366981413734,0.0,30.326280829554,5.340430053780159,2.647067606536002
SI,1992,1992-12-06,0.0,23.201999999999998,5.006,0.0,3.704,0.0,13.577,23.465,10.021,0.0,3.339,8.537015875071045,5.879798112583263
SI,1996,1996-11-10,0.0,28.997999999999998,0.0,0.0,0.0,0.0,0.0,27.009,3.219,4.316,25.165,6.376129814417086,2.3867284089409493
SI,2000,2000-10-15,0.0,18.19,0.0,0.0,0.0,0.0,0.0,36.26,4.38,9.5,27.9,5.150698890606419,1.906357938164556
SI,2004,2004-10-03,0.0,15.907,29.079,0.0,0.0,0.0,0.0,22.8,6.271,4.041,10.17,6.047351731634979,1.5527695112419595
SI,2008,2008-09-21,0.0,8.612,29.257,0.0,0.0,0.0,0.0,14.577000000000002,5.403,7.449,30.45,4.946917913569894,1.2991688247599424
SI,2011,2011-12-04,0.0,11.709,26.193,0.0,0.0,0.0,0.0,10.503,0.363,6.972,39.032,5.550690424737744,1.3523077227469777
SI,2014,2014-07-13,0.0,5.587,20.708,0.0,0.0,0.0,5.969,38.872,0.0,10.176,5.976,5.423549935689986,1.7576760924081518
SI,2018,2018-06-03,0.0,7.159,24.918,0.0,0.0,0.0,9.326,27.45,4.173,4.925,9.934,8.479929197746996,3.3598603937437033
SK,1994,1994-09-30,0.0,10.085,0.0,0.0,0.0,10.187,7.349,8.571,40.371,0.0,10.416,5.905284463384068,1.150623658332088
SK,1998,1998-09-26,0.0,26.331,0.0,0.0,0.0,9.128,0.0,8.018,36.079,0.0,14.662,5.354820718101657,1.2297879216209924
SK,2002,2002-09-20,0.0,23.344,0.0,0.0,0.0,11.167,6.326,8.011,19.502,0.0,14.826,9.189065299727288,2.5614142625805862
SK,2006,2006-06-17,0.0,26.67,0.0,0.0,0.0,11.685,0.0,0.0,20.527,0.0,29.142,6.223167947927956,2.8678848547548585
SK,2010,2010-06-12,0.0,23.95,2.322,0.0,0.0,0.0,0.0,12.149,9.4,5.804,34.795,5.706542991971283,3.27434982390654
SK,2012,2012-03-10,0.0,14.924,8.56,0.0,0.0,0.0,0.0,5.884,4.55,6.9,44.417,4.41665705443828,2.372214759423493
SK,2016,2016-03-05,0.0,4.943,16.636,0.0,0.0,0.0,0.0,12.101,23.316000000000003,6.503,28.28,7.41101313978188,2.3447074965481494
